{
  "logo": {
    "title": "Quik Shipping",
    "subtitle": "Quik Shipping Software"
  },
  "menuItems": [
    {
      "id": "dashboard",
      "icon": "📊",
      "label": "Dashboard",
      "url": "index.html",
      "roles": ["admin", "manager", "sales", "operations", "accounts"]
    },
    {
      "id": "parties",
      "icon": "👥",
      "label": "Parties (CRM)",
      "url": "ideal-parties.html",
      "roles": ["admin", "manager", "sales", "operations"]
    },
    {
      "id": "enquiries",
      "icon": "📞",
      "label": "Enquiries",
      "url": "ideal-enquiries.html",
      "roles": ["admin", "manager", "sales"]
    },
    {
      "id": "quotations",
      "icon": "💰",
      "label": "Quotations",
      "url": "ideal-quotations.html",
      "roles": ["admin", "manager", "sales"]
    },
    {
      "id": "jobs",
      "icon": "💼",
      "label": "Jobs",
      "url": "ideal-jobs.html",
      "roles": ["admin", "manager", "sales", "operations"]
    },
    {
      "id": "documents",
      "icon": "📄",
      "label": "Documents",
      "url": "ideal-documents.html",
      "roles": ["admin", "manager", "operations"],
      "submenu": [
        {
          "id": "bill-of-lading",
          "icon": "📄",
          "label": "Bill of Lading",
          "url": "bill-of-lading.html"
        },
        {
          "id": "delivery-order",
          "icon": "📋",
          "label": "Delivery Order",
          "url": "delivery-order.html"
        },
        {
          "id": "air-waybill",
          "icon": "✈️",
          "label": "Air Waybill",
          "url": "air-waybill.html"
        },
        {
          "id": "arrival-notice",
          "icon": "📢",
          "label": "Arrival Notice",
          "url": "arrival-notice.html"
        },
        {
          "id": "commercial-invoice",
          "icon": "🧾",
          "label": "Commercial Invoice",
          "url": "commercial-invoice.html"
        },
        {
          "id": "packing-list",
          "icon": "📦",
          "label": "Packing List",
          "url": "packing-list.html"
        }
      ]
    },

    {
      "id": "purchase-orders",
      "icon": "🛒",
      "label": "Purchase Orders",
      "url": "ideal-purchase-orders.html",
      "roles": ["admin", "manager", "accounts"]
    },
    {
      "id": "billing",
      "icon": "🧾",
      "label": "Billing",
      "url": "ideal-billing.html",
      "roles": ["admin", "manager", "accounts"]
    },
    {
      "id": "payments",
      "icon": "💳",
      "label": "Payments",
      "url": "ideal-payments.html",
      "roles": ["admin", "manager", "accounts"]
    },
    {
      "id": "outstanding",
      "icon": "⏰",
      "label": "Outstanding",
      "url": "ideal-outstanding.html",
      "roles": ["admin", "manager", "accounts"]
    },
    {
      "id": "currency",
      "icon": "💱",
      "label": "Currency",
      "url": "ideal-currency.html",
      "roles": ["admin", "manager", "accounts"]
    },
    {
      "id": "accounts",
      "icon": "🧮",
      "label": "Accounts",
      "url": "accounts.html",
      "roles": ["admin", "manager", "accounts"]
    },
    {
      "id": "users",
      "icon": "👤",
      "label": "Users",
      "url": "ideal-users.html",
      "roles": ["admin", "manager"]
    },
    {
      "id": "attendance",
      "icon": "📅",
      "label": "Attendance",
      "url": "ideal-attendance.html",
      "roles": ["admin", "manager"]
    },
    {
      "id": "payroll",
      "icon": "💰",
      "label": "Payroll",
      "url": "ideal-payroll.html",
      "roles": ["admin", "manager", "accounts"]
    },
    {
      "id": "reports",
      "icon": "📈",
      "label": "Reports",
      "url": "ideal-reports.html",
      "roles": ["admin", "manager", "accounts"]
    }
  ]
}